"id","profit"
5195,7.63262491333337
6540,-38.7897059250001
3606,-21.3967841766667
8514,3.30366450000001
6893,7.88004854999998
1936,-20.011284
1593,-15.3485081499999
8245,18.85259175
4178,-55.8303996666665
3369,12.1130477
5672,13.15623475
2238,6.51612476666661
4681,3.73818739999998
1340,-240.6904616
8973,10.9940290833333
8153,49.2070593499998
6162,5.97225891666664
7671,2188.28056265001
1506,70.4653749966667
2606,-76.7325005999998
8515,31.95636895
2373,0.673604750000005
8749,2.68454864999999
8065,-6.59333651666662
634,-20.3250323
6431,215.158528099999
9867,9.55081589999998
4724,9.11573259999999
6604,3.04296431666667
2870,-0.572350149999999
6519,8.9471643
9438,7.18963184999996
1333,23.2079435499999
138,55.4496631499996
3265,41.860378625
8121,5.45042148428569
8082,36.7689972499999
690,-1591.6442285
4321,9.88510279999993
2980,1.27573956666667
6667,755.293548649995
870,7.20228739999997
150,75.2483539100003
2372,31.99874415
216,3.55419372999998
3558,-8.78732848333331
4473,2.63490738333333
8085,51.7196846999999
8769,3.8545973
9182,265.643276449997
4582,-8.5840968
3867,187.22076805
7818,16.852631
6693,77.2576337500001
7197,-2.7823786
285,-1.67139414999999
1196,17.95367255
355,-12.4389251833334
3765,494.034779000002
8511,-27.6037830666666
2056,11.7342013
6241,1.8950976
654,2.43655035000001
5485,6.06486364999999
133,12.12042046
927,394.344261250003
670,-3.10250326666667
6310,-253.086175449998
5047,168.861558299999
59,29.57070495
1030,12.6953939500001
933,-10.15463205
6244,0.649196649999997
2493,1.55552175
3981,9.497379
5518,3.16113291666669
1900,60.4925391916664
8182,32.4299006100002
3562,44.8149722
966,3.97751875
9328,-123.380173016667
9562,7.22665659999999
7212,10.9274107
1453,20.0535259357143
455,18.18120325
8391,28.6135770499999
2361,3.10297640000002
8089,3.29529155
9459,-29.6368811333335
9168,-27.1503991100001
5615,-878.225233999999
6116,123.7494307
8483,92.9317431366665
1063,17.3270315833333
1541,0.956422899999994
1930,0.433598366666667
5946,32.8822842999999
1919,-72.7640854499999
9960,27.14371445
12,24.2082031
8200,60.8107473857141
1972,7.85459714999998
6069,-1.65923575000001
9514,7.30523607142858
3605,-16.699089
2065,45.0674356
4602,1.94567920000002
5640,0.325496350000001
6387,5.91012371666663
643,-101.253025225
577,-3.83224496666667
5986,5.48081621285713
9429,0.783569100000001
4816,1.13647395
8014,47.8960562833334
6691,27.9674787500001
4260,75.2289062499999
4932,6.99939315000006
9952,74.8487469000005
5423,3.11619020000002
153,18.76089435
2898,63.31776675
710,6.68092715
6995,-28.5712783
8389,5.76043806666666
4975,12.0592659249999
4208,2.76728688333331
4967,-45.5230903
7831,5.42595824166666
8338,-3.62433035
5556,-5.38950871666663
567,-67.6848378999999
7201,4.17872030000002
8994,9.32247674999997
8979,18.50831035
7978,18.6937776
5463,-2.31203269999999
6064,35.6496658499999
9359,-2.11742259999998
2347,10.309764705
1629,200.093111124999
6625,21.68171439
9475,24.3578187500001
8229,10.264391705
5684,2.05196650000002
1982,2.83794325000001
7683,98.3085007500006
2295,-87.6911643000004
1497,39.3428776499999
9907,-1.63535896666665
7397,-23.3634474
8955,-14.7841692
6308,-2.74094525
3489,44.8857293999999
2726,-4.56054739999998
903,176.471550100001
802,796.3072933
1789,3.08263884999999
6416,4.84747789999999
8660,5.45042148428569
6373,1.28490235
4771,-3.28429144999999
7994,29.9335551000001
7851,11.05610838
782,-247.429788849999
4498,3.30879754999998
1261,9.72274949999997
8222,40.8598074499999
3546,3.63583129999996
1114,20.5800785499999
862,-3.65157678333337
9309,5.94571979999998
2395,36.7578234333332
876,21.0805024
6238,8.35703854999998
1330,-12.90285335
7655,-5.64477419999998
9517,7.54409152000002
6246,-24.5603906600001
5603,4.45785381666664
5700,21.9540934000001
6795,-128.675824933333
7749,-6.0116519
8638,-0.281639183333334
322,-39.1244263166666
198,6.35822436666666
1125,7.00973970000016
4052,-66.3541402999999
8944,-14.29510861
1147,-130.034168033333
2532,19.00755585
4109,92.3620466000007
9163,11.8084135340476
6227,-0.700537466666663
1524,238.766923250001
9787,18.526641575
4168,-87.8334484533336
6766,73.8264118599997
3350,24.46033185
4192,-5.94363298999999
7808,-6.95969906666667
2289,-369.774162700001
8962,1.18954308999999
2854,-99.8296267000004
9410,23.1024262
469,-25.3452524833334
8772,3.20425656666669
7988,1.98530885
2650,13.0126966200001
6087,1.87886674999999
4819,15.684213
1772,5.45618700000001
3278,202.3960911
1968,-1.61571179999999
8207,2.15848211666666
8456,-4.71521513333333
7439,74.5549600100004
2202,-706.686843350003
6951,0.835775374999997
4634,-2.5918903
4085,-12.1736899
2351,6.2344138828572
3615,9.96672849999996
2456,2.2452403
2933,-431.227824499997
7330,60.4478539000003
2275,3.3406893
3861,3.5106133
951,7.23590274999999
5032,-71.2037148999999
2682,79.3412083500002
2727,26.7383822000001
4199,6.26667900363643
7139,-95.9342446133331
3530,296.41171165
7137,5.80481476666666
2259,17.7917263999999
336,-42.3594867166667
5222,-12.8911501066667
3995,227.49397115
8492,1.30714113333333
623,-25.6947480999999
3180,-30.10740825
7019,10.3106125683333
7497,-4.61565473333333
6936,7.86793909999995
6884,5.5397379
2959,30.265351
3247,1.73708416666664
1535,7.51699198
3899,-71.3021051999999
4850,2.54717845
4367,73.2176512200003
725,-1537.85497105
7325,19.3360887166667
6737,-147.535138199999
3523,3.37322785
3708,10.37151805
9756,-308.31572585
4165,6.25978442499996
4561,35.2802397166667
9538,4.34420262
6126,-11.35745638
7643,8.73284880000005
6913,0.434542700000003
6978,1.62612419999999
9715,4.01246590000001
2783,-5.65934121666666
3971,-555.421558599997
8372,-28.7874582999999
7666,2.75087748333333
5829,111.22202385
8771,136.88764715
4271,4.19695699999998
5285,-20.2000273766666
4566,-69.3729140500002
8431,12.60146443
8921,2.19275665000001
6195,0.633195266666668
8134,1.64476658333333
4827,50.0264102499999
5371,5.72256276666664
6352,5.68846865333331
8574,4.40107820999999
9373,33.7515316000001
4983,375.521736000002
6511,13.7365670999999
9741,-50.7588836000001
9833,7.24892848333337
8295,-14.64591325
5877,207.362577399999
3281,-74.5254135000001
2533,0.913754949999995
3124,10.61805185
8158,14.5476898000001
8789,-1.02482795000001
6637,3.28387355
8320,-1.96176579166665
3675,9.48224175000004
7320,82.8043772000002
940,1.68884583
7302,15.5844198
3641,27.3657475499998
9680,5.69687161666665
586,3.66125995
5209,0.827373400000005
9063,-3.80094503333335
8972,3.71473375000002
146,23.9923773833334
4987,15.07826145
295,0.92667219
2424,106.96976655
2982,-0.395934300000001
2371,0.816846049999998
5666,5.50567101714285
9138,8.06944892857145
6924,0.423772175000001
9357,7.21110399999996
8963,5.42722687499999
5282,-32.5965707999999
8721,60.1574909499994
5750,-3.08121719999999
649,97.2764500500007
3427,22.1999913200001
7494,3.29124715
2648,-48.3939480000001
3942,46.49401305
6512,49.8391334399999
6289,43.2466672499999
4545,58.8480648166666
5204,-94.7318683000005
1643,6.00619539999999
9132,11.03069295
4106,-12.43172865
4438,-11.96720598
131,-8.68586089999996
4880,5.25394731714287
5798,65.2723338000001
4229,2.1237324
4700,56.9571437499997
1172,0.60831795
9336,53.4972528500002
160,13.37748535
6720,4.36507172
693,428.55342065
7857,-409.35500865
3271,-2.73770176666667
8559,6.59840629999997
8012,290.686801499999
5491,3.33475605000003
9244,5.82219154999998
5908,2.62577061666666
7449,9.72877129999993
5652,-311.282187250001
3304,3.04906964999998
8728,3.62190745
8906,7.59535744999998
4572,-4.52184603333333
5787,-25.1010484833334
3080,-0.408283676666666
2642,17.27808685
9581,0.692599093333335
8562,-45.7403895499999
6873,1.40320775
1341,13.7458759999999
5179,61.8989553300001
9209,8.28902525
5157,1.87525964333333
6535,7.21024194999995
2458,75.5364027500001
2481,79.9423911499994
1187,8.90723470000002
6970,-10.1071592022222
180,15.8996623999998
7645,-10.52918506
8829,-2.78427414999999
8249,2.87109388333334
3818,34.142042885
7663,-241.2119514
6306,3.1167748
9134,3.60725339999999
6739,164.889778649999
2036,0.558588400000001
4800,23.7263236500001
7723,21.7269886000002
163,12.1871744416666
4920,3.49613419999999
9253,-36.9083978750001
5357,5.48151805000001
646,-45.1456530500001
9737,30.0702389385713
1445,15.3704888500001
281,-2.96908269999999
2579,21.3308931
8203,0.446649850000001
1612,-234.574729391666
9755,6.69697504999999
6478,-8.01459298666663
9851,28.1313129399999
6114,14.0706002
4622,0.515538233333335
5332,21.7891824499999
6774,70.6366942999999
5484,10.0332108
3352,6.14553790000002
1284,7.22534179999994
3176,-6.81215666666667
9483,-7.47562383333333
9759,5.67794308333329
1867,2.23107234999999
5113,-5.75751907333329
5631,31.8081759499999
9224,75.9607490099999
6785,3.35758518333333
9962,-30.3594649499998
7276,34.03907755
9473,63.7498156800001
9799,-13.28952255
7096,4.16693857
5363,10.765533945
9987,-4.50851643333334
9831,8.18073474999997
4881,7.81466699285717
990,22.8795243233333
886,3.42560345
3592,9.75968679999997
8292,60.4685678499998
866,66.9688491999999
6712,6.99939315000006
4820,66.6659228500002
4599,10.011304425
8851,-1267.61644033333
9193,22.9998819
369,100.493286475
4783,-7.42933550666666
3067,6.24942989999998
9269,1.67734354999998
7422,-27.0029949000001
7589,5.45873532999999
3634,19.36368879
6296,-4.99341774
6958,10.7181350483333
3317,-2.27975199999999
6990,16.94812385
3401,-2.89581905
329,10.672880895
8208,-31.8186386214285
7798,23.8171998000002
2905,70.6110397
8147,38.9690374000001
2305,60.2661349000004
3728,18.5090057
9860,4.59993389999998
1139,-12.0996526000001
2404,18.6242565
6887,207.076440516667
1238,-58.7878675499997
7903,186.42968675
5470,13.94181955
1773,1.66425758154762
9856,7.17098654999995
8818,0.735786366666665
1895,19.7868559499999
855,129.4728066
5778,-15.9769571033333
3379,664.269692699996
2140,-153.92539
722,-55.7086486333333
9542,-1.88088945000001
937,2.06287930000001
8364,1.51017791666666
5717,7.35947815000003
4894,4.17713195
2602,5.8008336495238
4185,9.447034
9221,67.37063875
2154,10.04265045
2108,2.2785061
1026,4.65484675
8324,11.96238325
1666,-39.4315915999999
8735,10.9494728
547,4.38494613000001
9263,5.45988614428569
5427,3.23579464999998
7030,14.2989733333334
28,1.95109039999998
850,3.27613833333332
8582,55.3293772000002
2105,4.90535065
3659,8.53824320499998
4900,18.6807990999999
2020,2.45954246666667
9501,75.8499384000001
2496,-2.79792695
2715,616.620448649997
8992,-68.5975557499999
8613,13.88723155
4553,-74.2153136999999
2466,0.676258416666666
8070,2.44863314999999
8345,-191.26644835
4145,23.3137671500001
2166,4.91999462
7873,3.31329984999998
9819,1.60612415000001
46,0.650337880000002
8435,36.5320872600001
4725,160.2641416
5462,-34.4681807666667
2304,26.6079749857144
1894,-52.20576455
2245,62.8108764500006
451,49.7123896166666
38,7.59050129999998
6885,3.38886666666665
6655,-1.36029658999999
7853,5.99580804999998
1761,114.8086737
3703,5.04623516666667
5145,-145.175604516667
7149,0.410784699999999
7310,-4.95395664
2185,79.8569484499993
795,-1.29747875666666
2811,73.5116178000002
4218,-0.533553950000001
8618,-14.1347004
3268,30.96266485
5408,5.99913864999999
9041,-15.9775254
1720,-12.1077903833333
5815,9.33143034999993
50,14.26154345
4756,2.74030574999999
5111,11.05519955
6186,0.700871356666671
8480,4.81632031666666
5716,3.0237616
9107,36.1637966499999
9958,-21.5590815166667
4941,43.0113335999999
9028,153.3900345
3097,-2.78825710000001
6882,7.98661329999997
6791,3.5293044
7865,1.00620365
6175,3.12108860000002
1090,14.4129214
1016,4.21105522000001
3815,315.320512350001
137,-139.74069605
505,659.791000099998
4080,-180.88590865
3375,31.3143844000001
9800,196.798829749999
19,1.19773874999999
9724,12.33209235
1571,-13.519961
4276,11.50415215
4046,1.83306105000001
7125,-32.9672334
4019,242.264317233334
2954,-4.67812318333333
4041,3.05945144999999
9882,7.21878793333332
9285,12.4024281000001
5977,76.2268315499999
2208,6.25338498333336
5675,0.508613766666667
6938,-14.90607255
4237,5.65306693000001
9059,7.90593794999995
3231,-3.69257865
6295,-30.4505411166667
2645,45.4977024000001
9775,-15.5579235
9610,8.92390449999998
9276,-14.99481315
6285,-295.535443800001
6601,21.2417900500001
3125,3.20328585
7216,136.083526149999
3028,108.4696209
3316,-9.22251880000001
4164,40.2135482999999
9082,3.0463951
2876,13.9744264166667
7002,-14.5801723250001
3164,32.9104725000002
6837,14.9144258500001
6742,24.9787595499999
6564,3797.38422179997
7696,376.264779200002
1222,2.01836460000001
3672,1.17510609999999
1075,8.74345434999998
3775,9.37543729999996
5528,-30.6907961000002
5158,33.2549447500002
4745,11.5378283
8360,8.71752825
539,-39.6185320999999
5435,1.04148889999999
8855,-13.9479115999999
2847,393.940122999998
4637,10.51079295
3517,-15.3976620499999
4966,18.73912785
7592,4.05044705666668
6055,-0.347732800000001
9594,12.8404175
9388,0.541199549999999
811,59.2380587999998
3274,199.560733050001
8959,3.38512735000001
2741,-36.5411671499998
8719,3.09788618571427
7832,6.3815832
1884,0.68482011666667
5912,11.03962975
9439,0.545046353333333
1981,266.874419049999
524,3.05617166666666
8587,46.7851482499997
9659,18.1004311
4070,7.68999134999998
9288,48.1286676499998
2581,-3.53875030333335
4726,87.5563611499999
5438,-4.55237229999999
239,59.1073474999999
9105,-52.3446275166665
7869,5.34181860000001
8176,32.32375991
9684,-1383.8528815
8610,18.0425582
5340,3.02341965
9909,4.91229131999999
6314,27.68864005
2492,5.44789802999999
4600,28.3000511523808
1582,2.97373429999998
7998,8.91544094999997
9825,-402.909113449999
53,45.1472953
6846,10.76676005
9345,9.55495134999999
4356,2.76057202166667
4302,4.3149599
399,2.01892520000001
1178,10.0745509933333
8980,7.50899564999996
3022,-16.0087355133333
2948,1.17316304999999
9582,-124.77978688
2386,-5.33740624999997
6456,76.0807537
9468,116.1098654
3308,81.7083399000003
3935,8.50324449999999
1235,12.3814700000001
540,3.31785507857143
3824,-1.48972854999999
7152,8.31146378000003
9515,-4.00337448333334
1297,4.57266000000002
786,6.68636734666665
7098,3.90295244999999
6796,-15.8441999499999
2400,23.8995836
7763,6.18838667833334
1450,9.73885624999998
3486,102.464209216667
7286,319.328184399998
1668,4.9690653
7794,69.0077236500007
1013,1.6331942
9126,0.709796750000001
8924,13.7881846
5832,9.35813864999999
3155,1.33553892666667
6212,5.29082784999995
9458,-7.67483981666669
4033,57.50572195
2611,3.07005354999999
2416,52.4631155000003
6313,1.64555926666667
7942,7.08494959999999
972,257.744789075001
3013,6.00419429999999
1082,5.19046155
6616,17.6319043
5215,11.0325332500001
2214,191.003477099999
6650,-3.82622434999999
3224,2.51791065
6392,7.20816234999996
6780,-4.64170701666666
6155,3.4330781
2688,-15.1067060999999
5807,8.50064543333328
9472,6.81850931666667
7849,3.53143920000003
9260,411.809841800004
9007,2.80578460000002
2749,0.846553050000005
9988,-64.1301200500001
5361,0.80114879
4833,55.1263364500001
4013,13.8108833
4312,109.045239549999
7868,41.210867
5764,-2.6064736
8348,3.68083178333335
7192,3.43688225000002
2131,-36.0195058333333
7213,5.92566811666662
9826,49.0834504000002
6405,30.9877468933335
20,14.16805553
165,5.31100038000001
843,9.81327284999996
8892,15.7119653499999
784,68.5147378333331
9225,9.80278515
7391,0.602561200000001
5564,122.493617083333
1446,7.34672520000003
7222,2.12599195000001
9141,3.63573869999996
9491,16.3953975000001
4138,44.33696005
583,-7.87327470000001
4381,5.79045722000001
3762,-39.0286208000001
4111,6.12709401666667
5086,2.6454526
6571,58.1735301000003
9573,11.361328085
7934,0.649284160000002
1077,2.43955261666667
9,41.5675035999999
4847,84.2117024499999
8718,-1.47843583999999
4120,9.49222793333329
8318,6.14191087857143
213,23.3195351500001
3870,5.20206266666665
6812,4.87878491
429,1.6973767
5495,2.82623754999998
8989,-5.75144458333331
2116,7.48480286666665
2704,390.407017849999
615,92.8703349999999
2303,8.080471
5830,9.6330139833333
1072,-4.86662537666665
2332,1.85318355
2423,-3.27306873333334
3205,5.7064792
5119,-8.61660885
9656,26.8626469
639,76.2446668833335
5143,18.28318755
5069,7.45119561785712
2190,6.22696248000005
4249,20.0629203
2725,1.3891044
3199,27.0528962999999
861,10.0311877
1389,22.3729421
2900,10.9606028
5613,-11.51255234
6225,5.22331474999999
9519,0.933951999999999
5648,34.4376590999999
9560,23.0405937
8281,13.60802775
1636,87.3896972000007
6807,12.405312355
6547,-2.33373307666667
6178,-2.11562489999999
5987,204.803825450001
2117,4.49794584999996
1113,-3.1163455
1437,-5.51484234999998
9750,111.141603000001
8062,27.6323216000001
8433,0.40226955
7604,5.45042148428569
8712,4437.59212535001
5073,-63.2800036499993
5331,-2.4266202
8393,-2.59325495000001
7977,3.63652799999997
858,7.06388279999999
1246,-268.571707749998
2601,2.20220110000001
2031,10.05546325
6615,8.28145946999997
3384,-7.42341865000002
178,7.00979120952383
1688,185.163161499999
6989,6.21970488000005
647,69.8944679500002
4705,3.08581264999998
6210,0.80061469
225,35.0862162499998
7056,2.82092082500002
8709,0.788657233333327
1206,-1.53466426666666
6278,-5.02140229999998
923,327.642322250001
7032,10.6672909000001
7974,11.27815525
1931,-19.7137254333333
2254,7.52322824999996
6275,0.0097432
7557,16.3789507500001
7389,6.77691829999998
7620,10.1194070166666
8138,377.337603399999
1542,2.2209474
794,38.3104808499999
4782,-1.60364075
6113,64.5657900500002
298,4.56399799999996
9493,4.50393354
4787,8.9295143
1037,41.42628075
1575,93.1925814000002
8119,44.3333211000001
6457,-1.12056871666667
2355,-21.2983561
6945,3.74667389999999
7443,8.44646093000007
2564,8.00125309999997
9682,6.14780163714291
1336,3.63687469999997
3385,335.3440815
8296,-83.0000073749999
9240,2.1170342
3753,-16.2430937499999
3089,-2.18744599999999
3888,-2.7206335
6472,204.473277983334
1633,-222.120403975
3447,2.07969024999998
824,-14.82514275
1886,5.72565607428568
2457,29.8076744499999
7789,185.99481575
3806,8.051624075
5546,-5.38353898999999
2605,-35.2655022
5870,34.2750638857142
3952,46.9190597499999
9413,34.5937616
4362,-325.8567436
4324,-36.17405245
4609,4.29859625000001
1528,142.7210517
9463,28.2706733
3648,-67.2908304333332
9227,4.14729319999999
5494,7.45765569928574
7084,206.762913850002
1743,-60.1399572000001
3571,-1582.6901399
6102,6.22869689999999
9032,8.27095519999998
45,4.14311499166669
5766,-23.7586574333334
2128,-14.52568925
2701,123.1565934
7502,2.2473397
2908,11.01112545
9241,68.9630539500007
4617,5.50567101714285
5576,2.42161835
8621,11.491066335
4447,2.34006174999998
8084,-33.3616281749999
3885,3.38598014999999
961,9.84581484999994
4918,18.8143096499999
100,4.0045348
8476,5.8114232
2508,-7.47603255000004
6829,52.9412591499996
6634,10.60048335
7579,1281.85803226666
1084,1.46997429
1438,-6.81488805000005
1173,0.143584650000001
3642,3.42696365
2126,-12.5831765800001
6782,-132.813062833333
9426,23.82076075
1250,17.87307015
2359,3.07344446666669
4456,82.4664869500001
9101,4.50805845000001
9951,215.092315999999
2633,77.620524075
3309,63.8737167500003
4005,-171.4943521
9421,60.4153094
7829,-3.48802214999999
5166,6.25573065000002
4588,0.59473852
5348,-227.517938399999
3256,40.06082785
4320,1121.49869155
2675,2.29536419999999
5277,0.798584250000006
2409,1.83670065000001
8145,61.5348370499999
2479,5.18278270000003
5887,-16.5973363833333
3720,6.22463813000002
1955,23.3936281666667
2971,9.79444199999991
4226,6.69862145000001
6809,13.7539829
945,18.1581826999999
5800,2.08980444333333
8074,3.55598744999999
3699,12.6605959500001
1649,2.90236915000001
3279,8.71079195000002
9530,2.80344635000001
7520,2.29915776666667
9843,-12.72661005
2475,1.92899585
3236,2.68354184999998
7109,-55.7414548000001
188,59.1813177200004
6541,8.93054083166663
125,5.45278617792206
438,11.7821853383333
4691,2.1222816
7136,3.20001184999999
1731,-21.48380885
1321,22.3579981999999
2344,5.29316761666664
3456,10.672942455
7260,32.97698655
655,11.2480937
5718,-90.1197943200003
3922,16.1385319500001
1050,5.36441564999995
4162,8.29959174999999
2777,6.58726294999998
1741,142.05816315
2597,-132.813062833333
3892,-68.1457175500002
6781,-260.86850725
6438,17.20291835
1723,-27.4570962833334
9623,11.5838144999999
1382,4.23260905000003
8956,40.46660265
4885,251.5763178
6821,22.30323865
4317,116.34232915
8128,-89.7590750000003
2463,0.710024249999998
7241,12.25892085
7629,175.0605462
6830,3.29926026666668
5520,17.84148455
9942,13.8409136
3302,3.68927494999999
5154,14.67154335
4286,2.51900430000001
2389,11.4808919
8661,377.059617599999
8606,-152.7125367
9521,12.517833865
4923,4.14694086666667
2786,-33.7795818266666
5060,-295.168070699999
321,-361.867047950002
9321,0.459249549999997
4662,14.1858255
1711,2.70057494999998
8216,19.9108477499999
1185,50.3863164999998
2672,48.8943054000001
6104,59.2711463333332
4319,-7.07058390000003
7227,-6.78901938999997
503,9.32097404999993
5804,-2.89260334999999
8022,-54.4313201166665
2015,1.74361104999999
65,3.44156925000002
7419,6.17766005
6471,11.3827179999999
4210,-12.0552390966668
4861,1.01552559999999
9018,-4.71290801000004
3000,10.20301176
1032,35.2487814000002
5942,4.84747631666666
5172,52.9911214500002
4063,-14.5097559750001
2555,4.59583710000002
4089,233.071778200001
8813,20.7082212499999
7070,-1.74322449999999
4191,27.86893585
7249,14.2749159999999
8601,18.4696704
1396,17.4744850357142
1328,-9.57111215222224
1868,16.1555784357143
5891,8.15729293666664
2970,11.1744959249999
5344,6.86192685
33,1.23612319999999
4267,54.3821007999999
5559,33.9739792500001
6518,7.56553275
4247,-848.8159578
8304,-23.7286880583333
5084,18.82145705
2893,2.31368505000002
4667,-19.7762160333334
1742,2.07606666666666
4087,3.61984652499998
8871,29.4380894499999
1802,3.36946839999998
5278,10.7392419999999
4300,110.4266313
3024,5.13517080000001
7396,3.63542859999996
1813,8.21925564999997
2994,-16.7480722999999
2807,1.01734482666667
4240,-32.0157719333335
3197,-2.75217651666667
2708,-32.3243204766666
2958,26.2589298357143
8032,14.8927181
5587,2.47106675
2219,16.0643704250001
3580,13.940350375
7159,4.71538544999998
430,-43.8677129000001
1074,-283.545566499999
8277,18.0133651
955,-70.4056026500002
3037,4.13463545000002
8951,23.1344682500001
4640,-20.3563366500001
8636,7.36905951428572
2619,5.51168233285714
6094,30.6956347200001
2488,70.71861535
4108,1.04263139999999
3873,-4.66178521666666
3092,1.18305473333333
4062,8.69591160000009
3519,-1.46323326666666
6793,0.81066838333333
7711,28.5466270000001
815,-15.2062695
1959,-20.90457545
7132,49.7887210000002
8489,92.1411522999999
1646,17.0033813166666
3940,0.0301570000000004
3630,36.2051123500003
7909,1.69877745
7923,-359.72632775
4573,17.85939365
74,-272.8282208
6937,27.1506936499999
5127,160.463411816667
8584,5.31317245000001
3238,4.63135165000001
7174,100.210595416666
5592,6.66249518666669
7284,9.45161329999997
9966,-373.7305651
7759,3.60756269999999
2164,-33.6514399833335
2500,8.45624939999998
2101,-9.91782010222223
2788,-63.51441378
4526,-141.03183025
2897,10.58517505
7779,6.9396988000001
9179,2.75817741666665
4243,28.9329022000002
8745,-42.7811879750001
3113,-60.0575068500002
6334,36.5233618750002
2843,28.3734940000001
6959,-0.19663515
6249,11.7072324000001
9989,15.96261895
1908,2.98045349999999
2989,275.675246650001
1677,8.34909764666667
3214,1.33317174
9604,49.4057879999999
5334,13.05160045
5286,4.11629577999997
2335,-16.4859951
4212,8.29536529999998
2480,26.8518651690477
9526,9.00980884999994
4004,8.74158594999999
2073,48.8007005499999
4129,0.80061469
857,-34.9048316500002
2720,175.925608
6803,27.6391318499999
9853,299.36656678
8498,31.9975354100001
4440,9.58983349999999
8388,10.1133319999999
7764,-30.2990731499999
6468,73.0516138499996
1331,-11.93507638
147,1.82812431000001
4296,3.0743592
3117,-72.3994107000001
5325,6.83937661666662
1607,8.55609379999995
783,3.15883465000001
4327,6.21416564999999
779,29.1750573249999
6700,-464.803534100002
5955,-252.363649650001
128,0.0333922499999993
40,-148.769326075
5291,33.8159954449999
3584,-81.9811686000002
4399,24.8143784500001
323,-479.533537249999
5393,31.8016652100002
2863,-67.7577754333332
3223,12.2650171999999
2632,-222.7766119
3900,8.26595916666666
9060,38.5600374000001
2640,77.5908863000001
6059,3.89237490000001
9914,6.14254900000001
7793,20.7682103999997
3034,3.86055371333333
8040,3.69968138333333
1044,-26.7728293799999
9054,3.63220163428571
7313,5.35746815
487,20.4002890499999
5737,-6.59333651666662
5188,32.3287163149999
7005,163.41972865
6740,1.36730334999999
8627,-19.1151376500001
6495,3.10649845000001
7931,25.8746952
9312,8.07886011999998
6446,8.83937019999999
3646,28.8477906500002
3212,-13.0802533
1992,18.02591105
3785,56.149914925
9504,7.14640816666662
5454,5.43729797506491
5037,486.589705750004
484,7.8104741
9324,5.65377355000002
9897,-6.23963065
9326,-79.6727690166667
7372,10.84263255
6688,8.36375814999999
272,1.84543085285715
6,-2.4749979
7526,1.06293274999999
1108,1.82281077666666
5298,14.7277279500001
6826,10.85944524
5504,45.5690258499993
2988,2.02665000000003
911,1.2267848
2805,4.76443830000001
1159,19.7868559499999
905,-223.9397549
8007,3.76280735000001
4902,-25.1897838133334
4552,0.9249031
4925,4.15057334999998
4989,12.6660882933334
6236,0.157971926666667
267,-32.3410087833335
1056,-13.7497577428571
1462,-7.07049980000002
1798,2.02193410000001
9393,7.67910499999998
6589,3.25056129999998
7850,6.66996874523811
3854,14.1106893
3102,-30.0809302
2547,7.82506719999996
6343,11.11174975
5557,167.4154258
90,257.789708549999
4358,12.27668915
8078,63.6003466499998
3822,10.5725944499999
4239,-1506.3690909
5814,155.05103635
483,56.9759194000002
3006,3.39604759999999
6088,0.80421365
2637,1.34923991666668
4855,-1.83231186666665
1182,14.6775952
6081,12.35484775
4179,-507.526565649998
5082,7.05865768452383
2976,13.6317169
7899,4.26257175666667
8748,7.54474982500002
7364,9.8236681
8517,2.68194028333332
7984,-37.39262095
1379,0.3936955
8520,6.53869611666669
2476,9.02793080000001
436,6.26667900363643
1216,-5.46795026666665
4366,-118.18673115
8630,57.9029648999998
1644,2.29477843333333
5155,-5.40578939999997
5884,7.90344885
9991,10.7746955
8088,489.38056925
9293,24.37592405
4100,14.5203799000001
8464,-23.6296272083333
8125,-49.2602973499996
8083,13.2688412
6926,42.1871958500001
9510,5.21723310000001
9013,1.90263926666666
5347,0.847616249999998
4480,19.7189202499999
2374,7.76877140000001
2791,-7.15064100000001
4287,2.32772546666667
2272,1.58742134666667
6619,38.5162065000001
349,-880.753039083336
9806,-324.5810076
3289,9.44455239999998
1737,77.4211867100001
1242,13.79661883
4439,80.7726256999993
7441,10.675913995
9418,11.005297375
7445,9.01661309999996
2505,-41.3913797833334
5400,-15.5687747500001
7777,166.2637319
8306,-1222.27295053333
1879,4.90328181666666
7962,2.41425904999999
7140,-12.77663765
6208,6.87285815000002
5096,-252.191013950001
9494,13.9965898500001
5653,9.09740479285713
9152,2.86253879999999
5008,-15.2502997999999
3727,-73.1733783833334
6262,3.60503679999998
2133,13.30267045
6600,25.1388055500001
7975,52.5781616500003
5643,-25.9862681166666
3040,13.68049095
2345,36.1858730499999
731,8.21260799999999
6669,0.248785906190474
2135,-40.12397915
3524,12.4394154857143
919,-14.0581357
9422,-27.1428506142856
9120,0.559218900000002
5192,-3.40571164999999
3085,7.07506544999999
1221,-5.04423361428574
2931,5.27423879999999
8611,190.6488066
3858,1.16137655
8740,6.86166704999993
6048,42.5380552500001
9417,43.7243335000001
2485,-156.647793383333
4105,-28.9895576
2329,25.38014425
7581,5.45277675428569
8210,-111.927877733333
2410,-3.17318113333334
1714,-14.122418325
3550,73.4138528800004
6850,51.2769548000001
7860,778.827090450001
4811,3.4125732
3653,2.16208445
5727,-50.7081901333334
2840,93.7986271500001
9698,6.85752619857144
3357,15.9602899999999
7437,4.38224384999999
5341,10.47624385
506,61.80282575
207,-13.45859995
8283,-30.5367373499999
2883,55.3431446833333
7757,3.12567560000002
1858,-2.44936684999999
2784,30.87279385
5683,57.0301901499996
8526,-111.6220388
7221,7.22153729999996
1496,-15.3793785999999
5469,11.40488455
199,-16.6957496999999
9607,24.9688343357143
2535,2.77580675000001
8021,32.89459136
3407,912.927160649992
9207,-14.1347004
7039,24.3978329000002
9662,-17.212488742857
4014,-66.5748857133337
8854,-53.1495929500003
2524,29.2141174
9419,8.61060595
1745,17.7731226499999
6626,15.99839805
7339,-4.73759493333333
7020,35.82947735
4,5.4772659
3165,5.55116820000001
5773,0.787060130000002
4254,6.26667900363643
3088,82.6278955333334
5812,-142.61795525
6677,-38.5180084500001
8254,3.18753235
4520,223.827108049998
3850,-12.2078178866667
9884,-14.5240062833332
2501,-22.1036122000001
1829,1053.37393609999
152,24.7273609999999
1156,50.7019848000002
4812,36.9707994999999
6583,13.5178845999999
9272,22.56834235
8238,-215.692501699998
2647,6.75371429999999
7648,72.69373885
8264,8.77529774999994
6948,2.19918925
191,-278.052047099998
5639,14.3514363749999
1175,-4.7608209
6469,9.72812024999999
947,4.54429944999998
3441,10.07835685
6491,50.7795384499999
9004,1.59373821
5789,4.2162788166667
3070,4.46805664999999
9924,25.6765045500001
5058,11.9572408499999
2011,22.7469903357143
6769,1.26933795
3253,0.719872029999997
6151,5.3218218
7455,31.0618565933333
1556,6.83132141666667
3640,2.61716565
5190,-0.0282156666666666
8219,-11.27850465
3170,40.8251933833334
9237,-158.826761
3445,16.8071427
9474,7.09451104999998
2677,-1.75176296666665
1176,189.919645049999
1482,5.04968624999999
9953,52.0433882
3781,17.556347175
7888,39.2848253000001
1563,0.56098963
3963,9.34664360000001
2823,4.45168759999998
5513,4.15613805000001
1915,16.6168664799999
426,-9.46553502999997
2182,-72.2150002833333
5448,-21.0732804333334
7060,0.7941005
5949,-9.00283690000001
8419,13.4360753333333
8622,3.05238729999998
5688,21.3080775000001
7424,4.58033644999996
5099,-2.36386644999999
3010,228.0767697
4370,36.3994556999998
1015,-1.54157959999999
4376,28.0893823649999
4733,-128.97357558
291,3.17342965
9034,41.5500409500001
7603,2.03407500000001
2731,20.6650758499999
2184,4.04926825000002
5116,14.0251702
5905,0.95419282857142
9021,3.10822355000002
9537,11.031141325
3707,33.7270669000001
9554,-25.5521890714286
4359,3.41288190000003
37,-2.41582299999999
2414,6.86906085
6605,65.3042619333336
3466,-19.9437900833334
2446,3.63745455000002
7651,18.38942905
385,21.76706515
3303,-6.64795410000002
6620,75.5201651499999
4124,-3.85415567000002
4420,46.3263587
4610,8.23844311999997
7038,17.3216941333333
9378,10.6263648214286
175,51.5013314
6696,3.01914670000002
2588,8.32274594999999
8684,15.89112375
3480,177.84099205
4387,8.54101254333333
2298,4.70388124999998
311,-21.1766712266667
9310,8.65973060999999
1938,5.62096194999999
4547,1.3581014
8864,-48.1537934
6115,1.93697399999999
8154,3.3089607
734,-2.4600395
5308,64.8085841500003
5151,-19.3054042966666
1841,4.41963064000001
9031,31.1073390433335
7173,38.1743106499999
4742,-4.74519200000002
9318,-15.4987311583333
1776,742.625917149995
856,-16.5593587
2257,-40.4034361999999
9772,-0.335574599999999
7540,-11.8586765995238
4652,2.18818704000001
8081,5.36885054999999
7250,-74.1390724499999
4621,-14.157347475
6960,-2.23747555
9242,11.63883994
1454,-13.0994062666667
9513,-2.25820445
8024,-1321.12011173333
7457,9.93461184999998
5749,1.99436985
5071,5.22924730000001
3452,3.31824845000002
2763,43.2042136999998
2842,0.651577816666665
9839,66.3225245333334
6932,5.35104289999994
4951,-76.8399917099999
1423,17.5063023
755,112.030476599999
2761,21.4400771583335
5968,2.2402222
1326,-222.98453
8953,254.948594883335
1181,-54.5192444499999
7326,37.0151017333332
2658,5.52555249
4099,73.6990926000006
3604,38.1553387000002
6476,4.93589831999999
6084,12.2036459999999
3416,1.37583621999999
3645,-3.10066304999999
2717,26.4894739500001
4990,-11.8408267
6673,3.93192267666667
5545,14.95265095
1468,11.3914187
8059,317.587893000001
996,9.37438320000001
6459,12.597866085
8809,38.4531703499998
6205,-118.61996615
243,57.1487736499996
2059,56.5437930700001
4748,7.59780503333332
1811,4.58897000000001
9934,3.41973529999999
8960,-4.87516197333334
4884,7.24801234999998
1337,1004.6315533
4892,4.64645340000002
9740,-161.283015283333
335,-0.92467435
6516,11.95234345
5907,-486.482988783332
2220,2.4452246
8250,1.64313213333334
9540,19.6041574
9341,-34.2684894999998
2354,92.2616667999995
8484,1.63964979999998
595,1.93403073333334
2180,4.37788665000001
5036,18.2022326
5703,-25.6222987833334
1929,1.1075717
2571,31.1974715324999
864,0.96251739999999
7074,9.64467385
4968,43.3566980999998
2698,4.39376191666664
1625,30.2098794500001
2236,-8.03220546666669
5777,-105.850496375
7587,405.754789899999
222,11.5156015000001
7219,29.3989038833333
5808,18.9027567199999
3470,39.61163635
1954,61.1457159499996
6051,9.32904174999993
3671,3.23463571666667
1316,3.47397066666665
6567,-3.34432816000003
6603,-22.605819925
5780,27.5357856499999
7234,21.7513596499999
8557,4.01399933571432
5026,-3.03298985
5733,362.385513350001
5690,33.4303152
2789,3.11802165
4188,-156.3775572
1774,1.57042748333334
3248,-957.77463705
1932,32.9272962499999
1433,12.20421539
4392,-74.2198239333334
3005,2.07025956666666
1022,15.5813279999998
3168,6.16983403333332
6544,6.57609989999998
2703,1.92119235000001
2915,14.9254707
6683,0.712436390000004
9817,83.2760222966664
5502,7.55449864999996
4768,-62.8653704750004
841,19.4841776333334
5769,-81.4228619499999
4437,3.03970949999999
1073,38.7231097499999
3121,2.19286698
9900,4.17617508333334
3362,54.0504304666668
3965,-3.58690229999999
1548,11.10260985
6002,8.40732228333331
9524,-8.92565600333332
7693,8.64770555
7337,-10.89292925
2339,5.15229379499999
6254,6.31567378333336
5028,6.33473884999997
851,21.5514306500001
5039,117.664240166667
9346,13.1947941199999
9181,-619.084340149999
2923,33.01372715
9088,17.228657175
5161,6.50368624999999
8174,7.99195335
6367,-25.7381650800001
8478,-1.53578019999999
1783,28.81308735
3094,1.62445744999999
3603,18.1581311357142
1555,-46.1487423666667
832,19.46140895
2664,-15.4391995
3477,-22.5320195166667
4272,58.5227257866672
3914,-58.6099525333338
8880,12.3050482
3297,24.8385217500001
2435,3.78359929999999
1815,44.3290675000002
8033,-18.8361176366667
8328,23.2694323600001
4405,58.6050284499996
94,14.3109010866667
121,14.9438257833333
915,-3.72404685
2160,76.9022089250001
807,-11.13228355
733,4.71612329999999
9899,9.59235792500001
1207,5.7170682
9771,17.4725896
246,0.344241224999999
5321,54.9007422
3210,-2.8629214
2873,5.64246951285717
9266,11.4608483833333
4246,2.43081581333333
6733,70.683105
6584,5.64516951666661
1167,-3.4419019
8487,17.8276266666667
4669,8.4467988
7761,-2.32434034999999
2924,-1.75144210999999
2860,87.3413207499997
5221,-105.1030756
6345,402.702623300002
5497,7.10449360000002
1700,-125.61835525
3717,698.191450849996
7898,255.4519659
1823,12.5606924133333
1385,53.4713059999998
2326,-2.366405525
5511,48.2899243999998
7936,7.25106979999995
8673,9.01177404999998
3945,15.1359601
5410,-6.66606888666665
6917,-67.6848378999999
6355,-201.5325592
4854,2.67448625
9432,0.923637399999991
8191,4.22967625
5845,-383.963559316667
8846,-7.16328785000001
1788,32.7511717
2323,4.75036679333331
936,1.70230448333332
978,-447.274224300002
8344,-7.25435455000004
9598,2.98753849999999
6194,3.62038094999997
387,1.82429234333332
9290,-55.3095931500001
3802,27.2193707500001
4687,-16.8374297333333
7126,2.34830294999999
6323,431.481598299999
1209,6.06163849999996
8768,-223.276704049999
8036,26.6411642999999
7246,7.71577106666661
6801,117.551174799999
5999,21.58526165
5776,103.1672314
5916,5.29436849999999
1418,-94.100340975
57,5.8834128
3880,10.3343407
3075,0.272333126666666
1202,1.64531474999998
6136,194.586443349999
2794,120.86338635
5819,3.63694659999996
3140,3.11829983333334
8230,2.79710933333332
4491,19.0374621000001
8987,-13.65911895
4677,-26.8272048833334
1399,6.80859315000001
585,-14.5510492750001
8575,5.4905504042857
6024,-11.8868098
6906,12.2378404
7243,2.19063529999999
6775,9.3696625714286
7423,-0.69466818333333
3930,0.644063299999999
2151,44.7211217999999
6545,-7.93833046666668
2540,12.80056975
8852,203.014340649999
3285,2.74816695
8402,15.6163047999998
6365,35.07113835
3150,0.928852400000001
826,174.784139383333
9879,102.440959200001
7327,2.35306313333334
2942,126.224459650001
7383,-115.019661233333
6971,35.8725567999998
1223,1.66234635
9174,0.46819735
4415,-26.7874950500003
3538,19.79320565
8802,8.26817714999999
6736,-0.482253149999999
449,0.680045766666665
1463,79.4742535000002
3736,7.91507999999994
9440,-71.4076395133335
3103,14.2491376
7261,22.7480793499998
5176,31.77740025
6798,-1.7928001285714
7915,9.59951004999994
1286,2.14639615
2268,50.7250092500002
7458,-51.6265710999998
7155,-363.351499266666
1071,-2.88400325
7110,12.9559582566666
7534,0.849857899999995
9842,171.136875999999
941,36.9699441
3082,-1.61682803
2719,-5.65139475
7468,9.99518599999999
1107,-18.69234825
9140,-26.4940283999999
5456,92.6168518500007
596,-103.2214671
9726,-147.80059045
9080,27.3397058633334
949,1.91286296666667
1234,0.857794349999995
6964,2.7498744
5627,-104.957152783334
1520,23.3181115500001
8914,22.9360538666667
1978,24.99338721
4766,-20.31211841
7544,5.34935764999994
4223,13.8214391
5013,37.4646334000002
3689,143.9419887
8681,0.884480624999996
5022,47.6683922999999
2046,14.0331458
1489,5.45042148428569
6320,5.71057175
6213,-31.5096546833333
6408,2.5169554
1388,12.606788
6835,57.533379966667
5731,-628.996383649999
9552,59.1411598700005
1669,27.4215379499997
4619,100.8290732
1456,37.5622113333335
4081,1.25852155
8941,31.1082810500001
3141,3.63960119999996
1645,5.29107724999997
7633,28.2702815499999
6413,-1.66050974999999
854,-68.6529013500001
7504,23.6364301166668
9311,-4.82927418333333
2820,-29.9279762333333
132,45.0982648533337
7472,6.12723089999999
2506,12.9243138166667
9445,2.45402825000001
2901,3.27175165000002
2662,7.44857651666666
6206,38.7194921500001
3073,-5.39708506666665
7069,13.5402877500001
7855,7.02667954999999
1678,29.4907807499999
2129,27.6287906500001
5476,1.43402674999998
6038,16.5747214333333
1882,130.549924250001
3467,0.821083425000001
5674,93.9034993000001
3389,2.65921374999999
4065,4.62189989999999
6394,-62.8764615666668
4773,7.42537752500002
7819,-5.17853985666666
2828,153.631521016666
9015,5.46458579999999
7729,16.3493820999999
1621,59.1073474999999
2997,116.766488750001
6350,11.1630721
7512,24.3842723000001
4810,-8.32181995
6741,-4.72348263333333
6288,12.9116697
1779,2.12360335000002
127,4.79433780000002
6330,0.631630730000002
7863,9.80253409999999
1750,-5.7634461
4318,14.8499274999999
6941,6.74332478
497,-18.9485597833333
9717,3.86483520000002
9845,-35.9188469214286
56,18.5222288
3594,6.68932433333331
9866,-300.50633855
3974,1.21909115
8674,81.7083399000003
5782,11.03205377
8430,17.21092955
9416,5.19505435
2700,2.86707273333333
5762,-28.9130187666668
6303,28.8605515
7251,0.2384077
366,-38.9256320833333
6654,2.46394594999999
6999,6.3190220485714
345,10.0063472
66,97.3861525500001
8178,162.008056566666
3366,-15.0164908333333
8072,5.12328035000002
1485,8.95756296428575
1952,67.2336423500002
8167,7.99195335
3472,1.48034022666667
9986,-22.41999555
7814,9.32942289999999
5840,7.22481564999998
5422,0.24425085
4784,-7.50568824999999
6629,13.4884641
6833,4.22407476666668
3983,2.08700615000001
6417,11.74222765
3668,8.73152365000001
7037,3.60337652999997
9160,14.5429924
5722,94.86212365
632,18.02846235
6517,11.2812524
9898,83.4424781000004
9495,-7.03995705000001
5918,17.5110681
5105,7.60066249333332
4653,11.41318052
3300,-3.81128778333335
6201,16.2140814999999
549,371.461501150003
8551,-16.1755098499999
7948,-15.0662403833334
660,11.10562605
4853,1.62445744999999
2538,-1.81107141666665
4277,-4.18441799999998
7841,-29.7504738719048
8013,-30.17718395
7097,3.65211740000002
190,46.1314897499998
3076,-6.37416765
9453,78.2619536966666
5585,7.69754929333336
9948,0.8035439
3408,12.5100679
7562,92.2809268333335
4406,25.6107917999998
800,0.977910799999992
3410,-3.35001304999999
4980,-14.4380353
1343,3.3660791
8164,2.43320639666667
5702,4.60597548000002
6602,143.5399926
4413,56.5053691000001
8843,11.717200985
1585,5.8022577
5837,-17.52055715
7839,69.4671039071427
1911,7.77731659999993
8475,-7.95256690000001
2516,4.31432547999999
1338,0.681517746666669
4354,2.16661565000002
6611,-4.02038978333336
5213,-3.89177850333335
3813,-476.077780649999
8450,55.7513980666667
6597,3.28791005000003
2822,3.18011335
8554,4.70390579999999
9874,3.58897894999999
7133,4.36268765
2330,-21.8894705
2139,-18.0341147466666
6806,11.50439475
1053,-48.132208575
5211,64.1278967300001
1672,7.17255019999995
5479,-14.2628335750001
5171,9.78563304999993
1062,-68.7196684333336
4870,35.4103781999999
825,-20.0527260000001
5306,58.6551946999999
374,18.6296752
6788,2.78497305000001
9492,0.41770065
5928,3.81950854999999
8688,160.82674475
4828,9.02118569999995
7516,31.8312362100001
4225,31.2602740000001
5236,109.4362406
2051,5.61872413333327
9723,7.95418035000002
35,7.93788299999994
9139,4.54590661666664
8930,28.01100313
7355,16.85226325
9201,2.36510976666665
1329,-837.054852100005
9502,20.8274443999999
553,1.86340530000001
9895,-111.452885533333
9180,0.911260166666675
122,23.4763838500001
2377,-20.1981060000001
5835,-15.0265417
1278,2.93011149999998
8553,33.43957505
7564,12.4367753600001
9323,-228.325234349999
5005,0.599819999999999
5866,112.06303525
6082,-20.6972035166666
7183,-99.0080195500002
3773,5.85009366999996
7964,-80.4658366142857
7918,-37.39262095
8308,16.4425313666667
154,0.700297539999994
228,50.2371847700003
5831,2.93449885
1916,1.68642299999998
2200,-21.6600409
2498,-76.8903460333336
5263,1.98878390000001
8027,-54.4602683166665
9765,2.23635295
3552,66.2874331999998
6994,-24.9763524999999
136,16.3904974500001
7287,-300.9131662
2434,2.7407572
6070,7.23200209999996
928,11.374394885
44,7.19069046666664
9119,107.485867399999
9178,-123.850785675
1907,1.21402622666666
9677,34.9897365999999
2063,3.76427345000001
514,1.07405055
458,-2.32228225
6318,-2.15389934999999
1579,17.0938616
3252,0.628435970000002
7736,101.106250100001
7051,-17.6535631333333
7045,74.426701463333
9968,3.24391709999999
6377,-3.3849513
4964,2.73625175
4948,-2.37134054999999
1658,40.4916252000002
8863,-57.9469189800003
3406,67.4578202999999
5445,-153.5180931
7103,556.33409225
5940,0.647908756666669
5376,10.45941715
8003,-473.829835199999
6645,5.86161226333333
5168,0.1801757
7447,12.5818479714286
8352,4.02379386666667
5515,0.785422048333334
1964,24.41723695
510,2.79024599999998
3230,9.56910135000002
5493,39.2174611833334
6409,33.92009755
6679,2.54734260000001
4360,-60.2913609166664
4214,-12.8859722809524
9666,-0.839391299999999
633,3.99041979999999
4006,-104.465932383333
9569,2.39732129999998
2503,0.335552350000001
2201,2.28209695000001
5126,20.3085142
9646,-4.75697384999999
6047,3.75892034999998
1440,64.1615656999998
680,48.0586026499998
5478,9.14402634999998
9115,35.0919024999999
320,-2.44679399999999
347,29.3193925499997
2420,8.44818309928573
8368,348.16463158
9360,67.1415196500003
4829,3.29907745000001
7611,17.20926785
8177,53.6111019999998
3435,-125.851380575001
4598,0.698608480000003
4843,61.4798854857145
9753,-29.6808357666665
6943,12.06013785
1587,4.80991094999999
3290,4.86707706666663
8966,-3.67656568333336
1664,-17.2967611666667
6189,14.21285285
1970,-24.5813279000001
4273,-85.9654537333335
7958,7.17098654999995
8889,-17.1696113000001
9841,176.185706999999
1507,1.54577450000001
9649,2.69559604999999
721,-2.579026525
4430,30.8724259
6376,-0.375727669999998
8358,9.2515878
1400,-20.20142005
1767,0.0104072333333333
1771,-1.55043584999999
7838,5.45042148428569
4177,33.6589299000002
6638,11.36619095
91,5.65015600333336
3333,-34.1775255933337
3393,-6.82679929999998
7035,11.00986505
6963,21.96215985
8350,-28.2805588333331
289,-4.71676830999999
5969,7.64950165
628,-298.103088400001
2019,-4.37988853333334
7752,-23.2332129666667
7368,0.457390416666667
4995,52.8059870999996
4023,265.8214851
6012,-437.768085900002
6181,-12.4413662033333
715,-57.3631789500002
7335,-2.75397955
9612,-27.7911856766666
5016,43.0940236999999
3786,1226.0082671
8746,8.61785899999999
386,31.8264238000001
4297,71.2224924199999
2052,-19.21795705
8038,5.78034555
7075,-4.46358474999999
3627,-96.0131553500002
8902,4.97703494999999
2227,9.62219549999995
4574,3.63787276666663
1092,165.6820372
4152,0.581133103333334
6432,-22.1590626299999
5055,3.0097223
109,27.01275375
516,9.95356864999998
7691,4.05167730000001
2482,1.37779104999999
7065,3.62151759999998
8415,-14.7853785499999
4017,240.798147999999
2246,2.72538619999999
6344,-42.87521395
9452,-13.13517696
5319,4.21582589999996
8346,7.35469813000002
9358,9.09571505000001
9943,5.7490174
7150,-22.6893101666667
6762,-23.74468852
7640,1.46289036666667
7480,64.4200963666664
1488,-18.0291884833334
5294,4.20123291666665
1608,42.2779668
5699,-11.8616717
2885,7.40482370000004
3459,2.10454422000002
6810,1.38508575
9202,17.6809409999999
3310,9.52083422571428
2392,-65.4039708500002
9876,-60.41125625
5558,48.5461381999996
3700,18.26096095
5568,21.08715085
3657,3.61984652499998
7800,-6.11838111666667
6618,-13.76641445
6988,22.2078959333333
3418,574.4368914
2452,-12.0048322
4531,10.76914785
4758,3.41162744999998
9941,-26.4540969500001
6763,12.0379701833333
2824,29.7905730999999
3087,3.42828173000001
4374,6.24247723857149
3015,12.55073745
5391,5.27450712499997
7178,-692.522808750003
3840,3.06525555000003
7653,10.2466042999999
2037,1.75600374999999
7989,4.83893595000002
9975,-56.00472865
7806,21.0129224500002
8834,21.7119887
8993,73.1774437250003
4264,3.19036742857142
3754,6.22696248000005
8999,112.3231337
6784,12.3500814499999
703,147.35448325
5644,10.84691059
5671,-20.3638542999999
775,5.24277299999998
7311,6.00232049999999
3237,11.8841027000001
7168,48.2718369
2815,10.1086178
8184,-1.24313216333333
6165,3.57137234999998
1464,15.8006974499999
405,242.392389749999
7017,10.599823755
6841,7.20417779999996
6690,-268.218230300001
791,1.80076124666666
8423,2.31554290000001
2278,77.2312298500005
1259,-25.1726632833333
5818,7.20417779999996
1801,2.01896936666667
5085,37.4442008499999
2387,-8.70145094999998
5608,0.0452196066666664
319,-69.2513026000001
3367,17.3699864316667
1309,1.63186964999998
3233,-81.0129281500004
7025,0.445365849999997
4972,34.6583768
7722,8.53459954999999
8765,-3.45200105000001
7937,12.60102615
8542,-13.4604053
4187,-7.32844650000002
9923,-79.0765905666666
7001,4.95724660000001
6163,6.90875049999999
9645,74.2120477000001
2961,-14.7064934
6822,6.16785759999998
3272,3.57813764999999
6149,-40.4793700666667
5199,7.54683599166665
7153,25.2781917
2341,25.6839733
8995,2.31117640000001
6299,19.0783117000001
3909,-419.090495100001
2624,-27.6598934666668
4198,16.1951195999999
13,3.40840172000003
2651,13.9034014
796,-0.775814899999996
913,5.47084223000006
9252,9.04530194999994
1778,1.67115228333333
8405,24.8280441500001
9470,16.6538727000001
5359,3.13953720142858
9889,-3.76427449999999
740,11.34984218
5180,3.63372925
3465,-26.1085795100001
3332,51.1178098500002
5083,23.8920987000001
8700,-2.65459045
1045,-227.327940749999
2453,2.38816770000001
9036,2.67321349999999
4515,-6.45931525000002
7342,3.44270408333335
5439,11.3674780714286
8635,-22.80722615
4790,1.75129350000001
8937,2.59768739999999
1896,4.62140704999999
2806,-5.50477867333331
6453,8.00227644999994
5847,9.60833284999995
3590,0.956422899999994
5853,-7.93028275000001
4786,-62.5710613166666
957,0.875761591666666
3721,3.56994555000001
6695,9.50847499999997
7771,3.97374262999999
1926,3.86095812404762
2841,-19.4315941
4146,60.52579525
4732,67.1415196500003
8770,2.53332315
9805,11.8789232
3852,5.23746885999997
7519,-59.2858688000002
9910,3.39237835
765,9.94099064999999
7170,5.44030820000001
7599,6.36828705000002
9053,-173.606321716667
8132,-5.70589936666668
1267,3.71519355000002
8853,10.00607125
5059,7.17240224999997
3286,2.18456255000001
3649,10.32871635
2607,18.9765485833333
4851,-4.01397671666668
7872,2.92616251666668
1085,72.8397745300003
4329,5.92305745000001
3412,-78.3676526000003
5398,5.61227421666668
5018,732.784552249993
9471,-37.9947312000001
1141,68.7464488000003
9597,50.1051638
5007,0.296378913333334
5797,31.08882256
1124,-26.3280842
9714,59.2684501416671
5813,10.7228707
4883,28.7843093499999
7210,11.1677033
7657,14.1219432
6451,12.0452859833334
4500,4.89817100000001
5594,100.147040450001
7162,0.810613720952376
8181,19.1934046499999
3714,8.58895375000008
8572,51.1609591999998
7745,19.3912813166666
4140,35.4071248499999
1017,8.26375455
1732,-78.7291682500003
9729,176.9655799
5974,9.84735129999996
4730,7.40971934999999
7614,1.2063906
9355,2.3458014
6804,-182.78787595
839,-32.4502902499998
8974,-12.9093105999999
7628,4.87993805000003
260,74.2763528999996
6264,12.81995295
24,2.10004795
9796,159.290971249999
8331,9.33153914999994
3747,5.62078889999999
8037,-23.6373681500001
3319,-5.23852917333332
3288,319.293170749999
8294,7.47572330000002
479,10.33554945
8312,-1287.85298468333
6681,3.49555876666665
4315,1.46403630666667
8665,-66.4922150500001
4076,-1.72972816666666
2206,163.68855205
1189,0.671912550000003
6423,100.682133200001
9931,-25.9152432000004
4644,47.7314507999997
1426,-27.0529794999999
924,2.63780329999999
1897,2.98782211666667
3446,17.0884319391667
4761,-691.4649207
6407,41.2459153
6800,-72.1829259000002
511,38.7887285499999
9424,5.47059039999998
3404,8.23392250000006
5851,20.5346010733333
8169,5.66265965
4093,21.1566881833335
1188,10.221987
3729,23.0756439
5046,92.7546728499999
4901,13.9521289499999
6542,-2.62738835000001
7924,4441.60143479998
5337,-18.3137673528571
5053,2.07020895
3348,6.88788837499998
7122,4.08999815000002
5453,8.23350614999994
984,74.1159664100004
6148,161.8828713
1630,6.60651560000002
7646,5.46713679999999
6214,27.2966537500001
8259,-1280.09090805
9745,237.79060795
1270,29.0338547666669
3797,0.692579933333337
6624,3.64216285
5232,-17.3375323499999
8648,-37.4454140166669
7878,5.46525377999998
4837,-57.9358175333334
8108,13.3781496357143
170,42.33676885
9664,-9.29880434999999
5169,-9.61060538888889
2040,0.892593974999998
880,111.0046799
7836,1.30072372142857
6068,-39.5476891633336
8544,7.35718495000002
1253,11.81805407
3853,30.2519593000001
3902,8.88391885
9919,52.0474754999999
9626,7.37066928333333
5074,9.65583616666666
6663,69.0526543500001
3098,132.504314699999
6939,-0.1249004
7033,-19.8564164833333
6160,3.63960119999996
4446,232.681526149998
6562,5.45873532999999
8780,5.37118579999995
899,13.1719818500001
8640,31.53914175
2812,0.852110999999997
7130,6.92888755000002
4021,-62.8172619333333
2827,0.688713799999997
6879,-29.1775082833333
9299,10.2307594
1899,5.6170957666666
3710,14.37161265
3827,-11.5853535
4913,1.49301671666667
5269,9.22158039999999
4011,14.38671165
6142,64.1874145999999
9568,15.9613083999999
2249,5.45988614428569
2565,13.5074487
6105,-27.7446643333334
1875,-1.60168344999999
2113,16.6733456
2634,11.20185775
5187,23.74345145
6150,12.0728378333333
9215,1.00502774999999
3767,7.15164884000003
4305,-27.329651854762
7401,-964.583436500005
3808,-13.60687155
5900,-4.48725294999999
9173,-12.2238149499999
2683,12.6695249466667
5262,-20.3423611500001
8708,-0.520590896666665
6927,8.35799478333332
6844,10.94797015
6555,3.43647364999998
8767,34.38541925
4985,9.32097404999993
7788,-25.0636508000002
8201,6.06897646333331
6549,-16.4287316495237
9911,4.39685550000001
1268,58.3680071499996
500,0.296369716666667
728,4.78319468666667
1998,15.7953685999999
767,-13.4663397
3676,16.7710736999999
6287,2.62937044999999
7306,13.65810615
2263,219.798287450001
1421,-3.53369305
2595,2.87953629999998
4729,4.17591488333336
4298,87.9372201499998
5579,23.1114615999999
2062,-45.8710971300001
3269,2.56580400000001
4398,-2.42862213333333
1690,8.73623935000009
9965,2.40857930000001
8840,-4.87635893333333
7080,8.48511680000002
1241,-3.4043424
7009,0.98892455
9069,23.2755782499999
1393,6.97569045000001
8442,-20.8489709
3186,-193.89036795
8580,3.45356625000002
4386,1.55207154
1180,8.83832511666667
5632,65.9947173499999
692,7.39593495000004
8764,4.21496962000001
3235,2.90999382500001
3744,-27.3769419333334
834,12.64438245
80,-29.4387704100001
9339,-2.93849959999999
3588,42.2997795499997
3733,52.7387088666671
5923,-9.13984529999998
6240,1.275537375
1973,-33.1590929999999
3096,4.74378141666668
9703,107.54363875
7613,55.7287021499999
7131,2.18613998333333
8754,9.64858080000001
9563,8.09061443333324
727,2.02222910000001
2656,6.73855834999999
5742,0.991912449999991
744,1.2813027
4303,12.743684
7453,-0.197189733333334
4605,1.27115998333333
5948,11.3873586999999
5934,12.4575076000001
4611,43.3767307833332
7067,1.01304469999999
372,5.60905880000001
8482,33.2560096500001
8891,14.1704604
8058,9.43237990000003
5678,5.79804584999997
2170,3.05314629999998
2676,9.33122944999993
5945,6.64021893333332
3039,-15.7497782299999
444,-5.81402124285714
2152,28.9214432000001
6647,3.2301435
1319,210.147560416667
5967,-37.9827909433333
2766,1.2163759
2016,0.860430499999994
3792,-1.42938725666666
7725,5.77066384333333
8066,219.842167500001
4750,5.11826905000001
2191,18.24342415
3990,-14.1696534250001
3479,10.7467924333334
9686,14.155542725
6993,49.9474557500002
5429,5.55559049999999
7704,27.0947031050002
363,20.7697930600001
1933,19.2314984666667
3521,-16.2399738999999
9827,21.63697125
7387,5.33655094999999
2322,24.0392442500001
3706,12.50283825
5475,8.09207699999994
9137,3.63386228500002
1240,0.969121749999992
4050,24.0806982500002
7638,-0.959618249999995
7367,3.48453595000001
424,0.71873417166667
4232,-14.9481229466667
7184,3.90243345000001
3464,18.492095775
3525,5.68461935
4746,12.15671485
26,7.40697936666664
4767,-28.9882359000002
1483,15.58671735
1193,1.48697526666667
3296,29.5828942999999
5833,2.52943455
262,48.2446832999996
6361,5.80769728333331
118,168.031702449999
979,-50.5154285000001
1939,6.12242985
7510,-3.49354705
4655,3.28503239999999
5651,8.33281505
2130,-61.9781155000002
6852,-7.46308369999998
4647,26.6817640500001
3879,12.4575076000001
3620,7.93409330000003
9681,13.7215755
677,9.94179099999999
9218,63.325846033333
6892,19.35052775
2172,-23.65819815
9641,1.76771777
8525,4.50978505
5014,9.51780160000003
6277,0.89248569999999
4330,-1.48283771666666
9112,7.3273498
7662,0.925763150000006
148,17.228657175
809,9.22450345000006
5246,1.63929200000001
1014,102.2827448
6056,65.5193133500005
5307,68.99419725
2147,-15.38180075
7493,-25.1535474000001
4952,19.90433075
1444,9.00970225000003
3134,9.22073050000006
7255,-2.9233225
2274,-0.0768541999999995
5856,5.59558710000001
6328,7.54255550000002
7708,42.7866697499999
4383,204.013798599998
4238,5.24946904999999
7143,2.00069409999999
901,6.32338784999996
8260,-168.536207
9920,29.112952
9068,39.5322874000002
6838,-53.3275195700001
6849,-31.6499080833333
6748,-2.39640004999999
2422,-2.40133614999999
2293,129.436233866668
6347,8.39549699999998
4879,14.67653425
566,7.58039449999999
7812,108.498545316667
5971,0.663647766666666
7340,-19.85584615
8546,31.6255676999999
406,4.01712194333332
7055,2.80698450833331
8909,1.95599894999999
1752,902.052347050002
4710,-72.2646952500001
9497,2.11604900000001
5115,2.69622239999999
9736,15.6796143999999
6674,-369.711356300002
3810,5.31037679999999
5012,1.99645589999999
572,-356.7907691
274,1.73708416666664
6734,-0.089114449999999
3143,1.07559639999999
9003,18.1384072
593,0.10707975
8693,-325.182780774999
8220,12.71033925
6046,-24.6365058500002
6305,-161.853189075
3725,-103.778976408334
6346,-128.044888733333
3901,11.09940215
7300,7.22006660000003
6442,4.54367616666665
2243,-16.2983972
9217,-3.4263095
5548,310.263979450003
7374,28.0949253500003
7591,2.55445555
2702,11.68628945
7275,-0.105077300000001
1366,-3.54585258333333
8001,28.8840032749999
5030,43.7123500499999
6921,12.4792252499999
5919,3.42314035
6632,-79.2399596466668
63,30.15834075
831,12.4830627390476
1883,25.5731637999999
9375,75.07141655
5972,339.044381649998
1094,128.385205029999
7479,-173.393003166666
1357,12.5041384000001
1599,2.48509205
6335,5.27152325
5850,72.3402188000012
2636,-39.7317280666666
2023,-14.6818252
5606,33.5927644
9773,12.3891448
1826,-5.07157775
4504,-90.9424710200002
664,4.12608350000001
909,40.7608763500001
194,2.93558289999999
7556,4.09105995000002
1179,-5.64904857333332
6537,-3.2935959
9719,5.47849283428568
8922,-190.128224333333
5117,28.2907088000002
5354,4.48204955000003
7281,137.190836350001
9735,2.763849325
4654,7.41150461166667
8861,4.19344210000001
1534,1.03858625
3159,13.3592721
4126,0.832940690000001
2380,-15.2987235499999
7514,4.85169780000001
457,0.663132016666665
2969,81.8300846499992
674,142.50086245
8786,-16.1965510666667
1995,28.4829927000001
2003,-316.763913250001
2415,16.0979549000001
7181,7.20782943333336
9484,-19.9716043166667
308,-8.45441300000001
8307,1.22206775
9621,-100.53574895
504,23.8143157500001
3931,19.42683935
8644,8.63956654999998
5958,-492.179985950002
4747,-10.4437111
2920,11.1690812499999
9667,9.25579309999998
4378,2.67587360833333
6049,63.9199966500002
6536,209.54850055
3504,4.11686358333334
977,-7.8019843
6338,95.2535764500004
4739,-170.519176783333
5201,-374.416331349999
8952,-43.1369088000001
5689,8.34988874999997
7902,-254.960381749998
1351,2.65545539999999
7588,5.1692942
3938,-133.020627125
1126,8.64698253333333
3448,4.80372558666665
3745,4.00438025
2221,-8.86461056666662
8287,-4.62606994999999
5242,2.6322231
720,15.5309066816667
4713,1.8299356
3277,67.9579793499995
2635,5.45282220506492
7403,3.3361894
3677,7.35929539999996
7392,247.929181
7811,9.07354174999991
4942,0.306794749999998
1683,-25.5011704500001
609,-0.629428
1565,-14.8758801
1727,190.02598396
8113,53.5737998999999
7941,-11.3058575499999
8221,3.91171199999998
9411,16.2800394
210,-7.35625315000001
3402,6.96330105000002
3421,-85.8728408500002
4645,70.0187817000002
7773,-5.43169949999999
1887,3.02676688333334
9955,4.173187
9052,29.6086621000001
7459,-256.246482550001
6976,295.124364500002
8654,32.1922898999999
1574,4.65576002
7006,-223.16873985
9993,7.04512186666661
3390,-48.0677764099999
9498,5.50713460000001
4570,0.781055683333332
2149,162.785300749999
2077,-29.0114347499999
9352,72.6634716800003
5312,60.1402446000001
1473,17.35217055
8116,-46.313690083333
6723,86.5667777499998
6359,177.550549600001
9732,53.7751099500004
7716,7.96936294999999
580,134.13769935
9114,23.1761152499999
2197,2.42136364999999
2525,-180.729804386666
10,-6.42555245000001
7535,11.26935695
771,2.77778348333334
9284,-2.11418905000001
3704,15.9850641999999
2844,46.18774745
468,-3.85433848333336
440,266.617914650001
3760,-65.3694453499997
9219,-11.1458032
2868,-7.96516264999998
7783,-31.8700735999999
1830,41.3043543499999
14,267.117424050002
7214,3.75967055
1308,2.6758808
5177,-6.49316001666667
2226,-2.02603149999998
9609,15.9792456499998
3043,6.55948886666661
9940,15.8653047999999
8835,5.37623974999999
3245,6.76233884999997
6230,39.7642736000001
1753,-3.80993448333336
2102,81.4711382333333
5304,0.809679399999995
6486,-5.24845158333333
354,22.0323607166667
1787,5.35947749999998
6487,16.0009340357143
5465,3.63583129999996
7695,9.32462274999993
6950,21.2581785500001
5514,-23.1104788
8817,-30.4736852
4706,-92.0170918000003
